{"format": "layers-model", "generatedBy": "keras v2.6.0", "convertedBy": "TensorFlow.js Converter v3.11.0", "modelTopology": {"keras_version": "2.6.0", "backend": "tensorflow", "model_config": {"class_name": "Sequential", "config": {"name": "sequential_3", "layers": [{"class_name": "InputLayer", "config": {"batch_input_shape": [null, 224, 224, 3], "dtype": "float32", "sparse": false, "ragged": false, "name": "conv2d_9_input"}}, {"class_name": "Conv2D", "config": {"name": "conv2d_9", "trainable": true, "batch_input_shape": [null, 224, 224, 3], "dtype": "float32", "filters": 32, "kernel_size": [3, 3], "strides": [1, 1], "padding": "same", "data_format": "channels_last", "dilation_rate": [1, 1], "groups": 1, "activation": "relu", "use_bias": true, "kernel_initializer": {"class_name": "GlorotUniform", "config": {"seed": null}}, "bias_initializer": {"class_name": "Zeros", "config": {}}, "kernel_regularizer": null, "bias_regularizer": null, "activity_regularizer": null, "kernel_constraint": null, "bias_constraint": null}}, {"class_name": "MaxPooling2D", "config": {"name": "max_pooling2d_9", "trainable": true, "dtype": "float32", "pool_size": [3, 3], "padding": "valid", "strides": [3, 3], "data_format": "channels_last"}}, {"class_name": "Conv2D", "config": {"name": "conv2d_10", "trainable": true, "dtype": "float32", "filters": 24, "kernel_size": [2, 2], "strides": [1, 1], "padding": "same", "data_format": "channels_last", "dilation_rate": [1, 1], "groups": 1, "activation": "relu", "use_bias": true, "kernel_initializer": {"class_name": "GlorotUniform", "config": {"seed": null}}, "bias_initializer": {"class_name": "Zeros", "config": {}}, "kernel_regularizer": null, "bias_regularizer": null, "activity_regularizer": null, "kernel_constraint": null, "bias_constraint": null}}, {"class_name": "MaxPooling2D", "config": {"name": "max_pooling2d_10", "trainable": true, "dtype": "float32", "pool_size": [3, 3], "padding": "valid", "strides": [3, 3], "data_format": "channels_last"}}, {"class_name": "Conv2D", "config": {"name": "conv2d_11", "trainable": true, "dtype": "float32", "filters": 16, "kernel_size": [2, 2], "strides": [1, 1], "padding": "same", "data_format": "channels_last", "dilation_rate": [1, 1], "groups": 1, "activation": "relu", "use_bias": true, "kernel_initializer": {"class_name": "GlorotUniform", "config": {"seed": null}}, "bias_initializer": {"class_name": "Zeros", "config": {}}, "kernel_regularizer": null, "bias_regularizer": null, "activity_regularizer": null, "kernel_constraint": null, "bias_constraint": null}}, {"class_name": "MaxPooling2D", "config": {"name": "max_pooling2d_11", "trainable": true, "dtype": "float32", "pool_size": [3, 3], "padding": "valid", "strides": [3, 3], "data_format": "channels_last"}}, {"class_name": "Flatten", "config": {"name": "flatten_3", "trainable": true, "dtype": "float32", "data_format": "channels_last"}}, {"class_name": "Dense", "config": {"name": "dense_12", "trainable": true, "dtype": "float32", "units": 300, "activation": "relu", "use_bias": true, "kernel_initializer": {"class_name": "GlorotUniform", "config": {"seed": null}}, "bias_initializer": {"class_name": "Zeros", "config": {}}, "kernel_regularizer": null, "bias_regularizer": null, "activity_regularizer": null, "kernel_constraint": null, "bias_constraint": null}}, {"class_name": "Dense", "config": {"name": "dense_13", "trainable": true, "dtype": "float32", "units": 80, "activation": "relu", "use_bias": true, "kernel_initializer": {"class_name": "GlorotUniform", "config": {"seed": null}}, "bias_initializer": {"class_name": "Zeros", "config": {}}, "kernel_regularizer": null, "bias_regularizer": null, "activity_regularizer": null, "kernel_constraint": null, "bias_constraint": null}}, {"class_name": "Dense", "config": {"name": "dense_14", "trainable": true, "dtype": "float32", "units": 20, "activation": "relu", "use_bias": true, "kernel_initializer": {"class_name": "GlorotUniform", "config": {"seed": null}}, "bias_initializer": {"class_name": "Zeros", "config": {}}, "kernel_regularizer": null, "bias_regularizer": null, "activity_regularizer": null, "kernel_constraint": null, "bias_constraint": null}}, {"class_name": "Dense", "config": {"name": "dense_15", "trainable": true, "dtype": "float32", "units": 2, "activation": "softmax", "use_bias": true, "kernel_initializer": {"class_name": "GlorotUniform", "config": {"seed": null}}, "bias_initializer": {"class_name": "Zeros", "config": {}}, "kernel_regularizer": null, "bias_regularizer": null, "activity_regularizer": null, "kernel_constraint": null, "bias_constraint": null}}]}}, "training_config": {"loss": "categorical_crossentropy", "metrics": [[{"class_name": "MeanMetricWrapper", "config": {"name": "accuracy", "dtype": "float32", "fn": "categorical_accuracy"}}]], "weighted_metrics": null, "loss_weights": null, "optimizer_config": {"class_name": "Adam", "config": {"name": "Adam", "learning_rate": 0.0010000000474974513, "decay": 0.0, "beta_1": 0.8999999761581421, "beta_2": 0.9990000128746033, "epsilon": 1e-07, "amsgrad": false}}}}, "weightsManifest": [{"paths": ["group1-shard1of1.bin"], "weights": [{"name": "conv2d_10/kernel", "shape": [2, 2, 32, 24], "dtype": "float32"}, {"name": "conv2d_10/bias", "shape": [24], "dtype": "float32"}, {"name": "conv2d_11/kernel", "shape": [2, 2, 24, 16], "dtype": "float32"}, {"name": "conv2d_11/bias", "shape": [16], "dtype": "float32"}, {"name": "conv2d_9/kernel", "shape": [3, 3, 3, 32], "dtype": "float32"}, {"name": "conv2d_9/bias", "shape": [32], "dtype": "float32"}, {"name": "dense_12/kernel", "shape": [1024, 300], "dtype": "float32"}, {"name": "dense_12/bias", "shape": [300], "dtype": "float32"}, {"name": "dense_13/kernel", "shape": [300, 80], "dtype": "float32"}, {"name": "dense_13/bias", "shape": [80], "dtype": "float32"}, {"name": "dense_14/kernel", "shape": [80, 20], "dtype": "float32"}, {"name": "dense_14/bias", "shape": [20], "dtype": "float32"}, {"name": "dense_15/kernel", "shape": [20, 2], "dtype": "float32"}, {"name": "dense_15/bias", "shape": [2], "dtype": "float32"}]}]}